"workerid","language","gender","age","comments","assess","american"
0,"english","m",55,"yes","Yes","y"
1,"English","m",39,"","Yes","y"
2,"English","f",31,"I think $1 is a fair price for this hit.  I don&quotechart have any other comments.","Yes","y"
3,"English","m",28,"","Yes","y"
4,"english","f",51,"","Yes","y"
5,"English","m",31,"The price paid for this HIT was fair for the length of time it took to complete. Also, thank you for caring about paying a fair price! :)","Yes","y"
6,"English","f",38,"","Yes","y"
7,"english","f",32,"seems fair for time it took, thank you. ","Yes","y"
8,"English","m",20,"Was confusing I felt like no one was certain but i read over instructions twice. Was very fair for just 26 questions","Yes","y"
9,"english","m",38,"","Yes","y"
10,"english","m",31,"","Yes","y"
11,"English","f",55,"No comments. Seemed pretty straight foward. I think $1 is very fair.","Yes","y"
12,"English","f",38,"It&quotechars a fair price for the amount of work performed.","No","y"
13,"English","m",58,"Even though I am a native speaker of English, I had to really think these sentences out. Some are nebulous and others more clear. I hope I did it correctly. I gave it my best shot. Thanks for a good survey. The price was good.","Yes","y"
14,"English","f",34,"","Yes","y"
15,"English","m",31,"","Yes","y"
16,"English","m",26,"","Yes","y"
17,"english","f",26,"none","Yes","y"
18,"english","m",28,"its good...","Yes","n"
19,"English","m",35,"","Yes","y"
20,"English","f",50,"Price was fair. Experiment was enjoyable.","Yes","y"
21,"English","f",35,"nice","Yes","y"
22,"English","f",56,"I think the answers depend on how one interprets the questions based on the words used. I think the price was fair for the work done. Thank you.","Yes","y"
23,"British English","m",40,"","Yes","n"
24,"English","m",32,"No comments","Yes","y"
25,"eng","f",39,"$2.00 or more","Yes","y"
26,"English","m",42,"","Yes","y"
27,"English","m",47,"I tried my best and I think $1 is good pay for this study.","Yes","y"
28,"english","m",53,"i thought the payment was fair","Yes","y"
29,"English","f",24,"","Yes","y"
30,"English","f",50,"This was great, thank you.","Yes","y"
31,"English","m",24,"I think it was fair, and I think it was fun!","No","y"
32,"English","f",37,"","Yes","y"
33,"English","m",31,"compensation was fair. i didn&quotechart see anything wrong with the HIT","Yes","y"
34,"english","f",24,"I tried my best to answer, but since it&quotechars difficult to know what intonation the speaker is using when asking the question I felt like the answer was no most of the time.","Yes","y"
35,"English","m",25,"","Yes","y"
36,"English","m",26,"This was fair and enjoyable","Yes","y"
37,"English","m",24,"","Yes","y"
38,"English","m",32,"","Yes","y"
39,"english","f",66,"","Yes","y"
40,"English","m",43,"The pay is fair, thanks.","Yes","y"
41,"English","f",35,"good","Yes","y"
42,"English","f",27,"","Yes","y"
43,"english","f",59,"fair , worked well , thank you!","Yes","y"
44,"English","f",34,"","Yes","y"
45,"Italian","m",40,"Thank you very much for this HIT, and best of luck with your research","Yes","n"
46,"ENGLISH","m",32,"","Yes","y"
47,"english","m",41,"","No","y"
48,"English","f",31,"","Yes","y"
49,"English","f",34,"All the answers were no - and the questions asked about people not mentioned in the sentences","Confused","y"
50,"English","f",30,"","Yes","y"
51,"English","m",38,"This hit payed well.  Thank you for appreciating us workers!  It means a lot!","Yes","y"
52,"english","f",34,"it said there would be four examples that were certain. I am not sure I had those/thought that any of them were certain. ","Yes","y"
53,"English","m",29,"","Yes","y"
54,"English","m",32,"","Yes","y"
55,"English","f",31,"It is fair and interesting with fun.","No","y"
56,"Spanish","f",28,"","Yes",NA
57,"english","f",36,"","Yes","y"
58,"English","f",70,"I think the compensation is fair.","Yes","y"
59,"English","f",35,"Interesting","Yes","n"
60,"English","m",57,"THe price was very fair, but I&quotecharm not sure if I did the hit correctly.","Confused","y"
61,"English","m",26,"","Yes","y"
62,"ENGLISH","f",41,"I think the dollar is fair","Yes","y"
63,"english","m",50,"nice","No","n"
64,"english","m",52,"the current price is fair","Yes","y"
65,"english","m",51,"","Yes","y"
66,"ENGLISH","m",35,"INTERESTING STUDY","Yes","n"
67,"English ","f",52,"The payment is fair - some were easier than others to answer ad be clear ","Yes","y"
68,"English","m",44,"A fun HIT!  These ones were pretty cut and dry, IMO.  $1.00 is just right.  Thanks for the HIT!  I did my best and hope the data is useful!","Yes","y"
69,"English","f",52,"Thank you","Yes","y"
70,"English","f",28,"","Yes","y"
71,"english","f",43,"","Yes","y"
72,"English","m",29,"","Yes","y"
73,"english","f",30,"","No","y"
74,"English, Arabic","f",44,"I think it was fun, and fair","Yes","y"
75,"English","f",31,"$0.50 is a fair price for time and energy used for this HIT. I had to stop and think how certain words changed the expression of belief of the speaker, but some situations were more vague than others; I relied on imaginary context for a few.","Yes","y"
76,"English","f",35,"nice","Yes","y"
77,"English","m",40,"thanks! it was a fair price","Yes","y"
78,"english","f",36,"it was interesting and the price is more than fair","Yes","y"
79,"English","m",32,"","Yes","y"
80,"English","m",32,"None","Yes","y"
81,"English","m",42,"","Yes","y"
82,"English","f",33,"","Yes","y"
83,"english","m",40,"language study in the experiment","Yes","y"
84,"English","f",57,"The pay was more than fair. But it was some what confusing wish it had a little more information before the questions.","Confused","n"
85,"English","m",37,"","No","y"
86,"English","m",39,"","Yes","y"
87,"ENGLISH","m",37,"NONE","Yes","y"
88,"English","m",43,"My only issue with this is that I kind of wanted to select no for all answers since even though some terms like admit or reveal might lead one to think the person is certain but I could see people using each case even if they don&quotechart know for sure.","Yes","y"
89,"English","m",24,"","Yes","y"
90,"english","m",65,"none","Yes","y"
91,"English","f",25,"","Yes","y"
92,"United States","m",24,"","Yes","y"
93,"English","f",44,"good pay","Yes","y"
94,"English","m",37,"","Yes","y"
95,"English","m",54,"Yes, it is a fair price. Thank you.","Yes","y"
96,"English","m",50,"","Yes","y"
97,"English","f",24,"The price is fair","Yes","y"
98,"English","m",39,"","No","y"
99,"ENGLISH","m",40,"NICE","Yes","y"
100,"english","m",28,"","Yes","y"
101,"English","f",22,"","Yes","y"
102,"English","m",22,"I think that the price is fair for the work!","Yes","y"
103,"English","m",35,"","Yes","y"
104,"ENGLISH","m",39,"VERY INTERESTING","Yes","y"
105,"English","m",40,"","Yes","y"
106,"english","m",22,"","Yes","y"
107,"ENGLISH","f",1983,"nice this experiment","Yes","n"
108,"English","f",32,"","Yes","y"
109,"English","m",40,"None","Yes","y"
110,"English","f",38,"","Yes","y"
111,"english","m",42,"fun hit, fair price, no technical difficulties!","Yes","y"
112,"English","f",31,"","Yes","y"
113,"English","m",32,"","Yes","y"
114,"english","m",38,"1.00 is perfect","Yes","y"
115,"English","f",50,"I would like to see more of these kind of HITs.","Yes","y"
116,"English","m",30,"","Yes","y"
117,"english","m",28,"$1 is fine for the time it takes","Yes","y"
118,"ENGLISH","f",66,"","Yes","y"
119,"english","f",63,"","Yes","y"
120,"English","m",29,"","Yes","y"
121,"English","f",36,"Well it has me a little nervous because I didnt see an attention check.  I am really hoping it was just not a name change that I did not notice.","Yes","y"
122,"English","f",31,"I think the price was fair.","Yes","y"
123,"English","f",52,"I didn&quotechart notice any obvious test questions, although I did notice a few answers that had to be ""no."" I read every question carefully. In all honesty, I would have done this HIT for $0.50. Thank you for the opportunity.","Yes","y"
124,"English","m",47,"It was somewhat difficult to decide what was the correct answer at times.","No","y"
125,"English","m",25,"thanks for this opportunity","Yes",NA
126,"English","m",43,"Some were easy, some much more subtle","Yes","y"
127,"English","m",41,"Some of the statements seemed like they could go either way.  I picked what I thought was the best answer.","Yes","y"
128,"English","f",29,"Fun study","No","n"
129,"English","f",40,"Very good.","Yes","n"
130,"english","f",54,"Thank you. It was fair. ","Yes","y"
131,"English","f",49,"Very interesting study, and the pay is very fair.","Yes","y"
132,"Englih","f",24,"Everything loaded properly for me and the price for this HIT is extremely fair, thank you!","Yes","y"
133,"English","m",35,"NICE","Yes","y"
134,"English","m",39,"I enjoyed it,  it was a little tricky but made me think, thanks","Yes","y"
135,"English","m",37,"","Yes","n"
136,"English","f",30,"This was different! I know that you said there was obvious answers to some, but i feel like not all them were too obvious. It really depended on the verb.","Yes","y"
137,"English","m",41,"","Yes","y"
138,"English","m",35,"This was a fair price for this work. I thought it was straightforward.","Yes","y"
139,"English","f",33,"Some of them could have swayed either way, depending on infliction of certain words.","Yes","y"
140,"English","f",38,"","Yes","y"
141,"en","f",42,"yes fair. no less","Yes","y"
142,"english","o",30,"","Yes","y"
143,"0","m",29,"","Yes","y"
144,"English","m",36,"I think $1 is more than fair for this amount of work.  I would gladly do 100 sentences for $4.","Yes","y"
145,"English","m",32,"price was fair, thank you.","Yes","y"
146,"english","m",30,"keep doing what you are doing. Given the pay, you will get much better work than if you decreased it. ","Yes","y"
147,"English","f",44,"I think $1 is a fair price. Thank you","Yes","y"
148,"English","f",59,"This experiment was fun and I feel the pay is extremely fair for the time and effort.","Yes","y"
149,"Korean","f",38,"","Yes",NA
150,"English ","m",81,"Very interesting. Some could have been interpreted either way. $1 is fair.","Yes","y"
151,"","m",29,"","Yes","y"
152,"English","f",36,"Interesting survey","Yes","y"
153,"English","f",32,"Thank You. Fair price and challenging study","Yes","y"
154,"English","m",24,"","Yes","y"
155,"english",NA,34,"It Was interesting, hd to think hard on some of the questions. Hope I did well..fair price would be 1-2.50 ..thank you so much","Yes","y"
156,"English","f",31,"Fair price.","Yes","y"
157,"English","f",49,"",NA,"y"
158,"British English","m",40,"","Yes","n"
159,"english","m",30,"","Yes","y"
160,"English","m",28,NA,"Yes","y"
161,"English","f",39,"Some of these were a bit tricky, but I think I did ok","No","y"
162,"English","f",55,"The price is fair.","Yes","y"
163,"4","m",28,"VERY NICE","Yes","y"
164,"english","m",31,"","Yes","y"
165,"English","m",69,".70 would be fair","Yes","y"
166,"English","m",50,"","Yes","y"
167,"english","f",25,"i think 1.00 is fair. ","Yes","y"
168,"English","f",35,"Nice task","Yes","y"
169,"English","m",42,"pay is fair","Yes","y"
170,"0","m",29,"","Yes","y"
171,"English","f",34,"","Yes","y"
172,"English","m",29,"The instructions were very clear. ","Yes","y"
173,"English ","f",41,"None","Yes","y"
174,"english","m",32,"no comments","Yes","y"
175,"English","f",33,"I think this was fair","Yes","y"
176,"English","f",43,"I think some of the answers were a little subjective. Based on the language used the person might have been certain of the answer or they might have been trying to ascertain how certain the person they were asking was.","Yes","y"
177,"English ","f",27,"It was easy, $1.00 is fair.","Yes","y"
178,"English","f",58,"A fair price would be the maximum amount you would pay. I take all of my work on this site very seriously.","Yes","y"
179,"English ","f",43,"I think the compensation is fair. ","Yes","y"
180,"British English","m",40,"","No","n"
181,"English","m",44,"This is more than a fair price.","Yes","y"
182,"English","m",36,"","No","y"
183,"english","f",54,"yes fair price","Yes","y"
184,"English","m",33,"","Yes","y"
185,"english","f",49,"These questions could go either way in an answer.","Yes","y"
186,"English","m",31,"Great HIT at a fair price! Thank You!","Yes","y"
187,"English","f",26,"none","Yes","y"
188,"English","m",28,"","Yes","y"
189,"english","f",51,"","Yes","y"
190,"English","f",48,"Some of them were hard, but I did my best. 1.00 is a fair price, for sure. Thank you and have a great week! ","Yes","y"
191,"English","m",25,"This was very interesting to think about, and I think the price is quite fair.","Yes","y"
192,"English","m",29,"Fun experiment. Payment is fair.","Yes","y"
193,"English","f",33,"Interesting experiment on language for great pay.  The experiment was very clear.  Thank you!","Yes","y"
194,"English","f",58,"","Yes","y"
195,"English","f",24,"I think this experiment is priced fairly. Thanks :)","Yes","y"
196,"1","m",34,"fair","Yes","y"
197,"english","f",37,"I think the price was fair. It was interesting!","Yes","y"
198,"English","m",69,"I think the price indicated is fair.","Yes","y"
199,"ENGLISH","m",59,"Interesting study!  There were a few I could have interpreted  the meaning of the sentence to be both yes and no.  I do feel the $1 pay is very fair for the task.  Thanks!","Yes","y"
200,"english","f",36,"","Yes","y"
201,"english","f",33,"","Yes","y"
202,"English","f",33,"Fair pay and interesting, engaging task","Yes","y"
203,"English","m",71,"","Yes","y"
204,"English","f",60,"","Yes","y"
205,"English","f",45,"","Yes","y"
206,"English","f",36,"None","Yes","y"
207,"English","f",24,"I think the current pay is fair.","Yes","y"
208,"english","f",66,"it was clear. fair price.","Yes","y"
209,"english","f",33,"","Yes","y"
210,"English","f",41,"I think it&quotechars a fair price. Thank you!","Yes","y"
211,"english","f",36,"","Yes","y"
212,"english","f",62,"No problems and $1.00 is a fair price.","Yes","y"
213,"English","m",29,"Everything seemed clear.","Yes","y"
214,"English","m",40,"Thank you!","Yes","n"
215,"English","m",57,"Thanks and best wishes!","Yes","y"
216,"English","m",53,"","Yes","n"
217,"English","f",35,"this was a fair price for the work.","Yes","y"
218,"English","m",31,"Fun and quick study! The pay is great too! ","Yes","y"
219,"English","m",30,"This was a fun way to do a survey and I enjoyed it. Great layout and easy to follow. I think the price is very fair.","Yes","y"
220,"English","f",25,"Very interesting and nice.","Yes","y"
221,"English","f",52,"The price was fair in my opinion. Thank you.","Yes","y"
222,"English","m",41,"","Yes","y"
223,"English","f",56,"Some of the questions seemed fairly straightforward; others were confusing (if a friend asked me a question that way, I would give them a look). For the number of questions in this group, $1.00 was fair (it worked out to about $9.00/hr). ","Yes","y"
224,"english","m",36,"I think $1 is fair, if not generous compared to others when looking at whats is required","Yes","y"
225,"english","f",30,"none","Yes","y"
226,"english","f",33,"","Yes","y"
227,"English","m",40,"","Yes","y"
228,"English","m",34,"The price is definitely fair","Yes","y"
229,"English","f",58,"","Yes","y"
230,"English","m",32,"","Yes","y"
231,"English","m",37,"","Yes","y"
232,"english","m",37,"no comments","Yes","y"
233,"English","m",37,"","Yes","y"
234,"english","f",41,"","Yes","y"
235,"English","m",26,"I think the $1 given is a fair enough price.","Yes","y"
236,"English","f",50,"This was a fun experiment! I think the given price of $1.00 is definitely fair. ","Yes","y"
237,"ENGLISH",NA,NA,"N/A","Yes","y"
238,"English","f",31,"Fair price for the work.","Yes","y"
239,"english","m",43,"some of them were a little difficult as i played the scenario/question in my head. I am comfortable with the the price paid","Yes","y"
240,"English",NA,26,"","Yes","y"
241,"English","f",39,"","Yes","y"
242,"ENGLISH","m",43,"","Yes","y"
243,"english","m",38,"","Yes","y"
244,"Spanish","m",52,"","Yes","n"
245,"English","f",51,"","Yes","y"
246,"English","m",32,"Fair price. ","Yes","y"
247,"English","f",34,"I was not confused, however, a lot of these were worded funny and could have gone either way making this a very subjective task. I did my best. ","Yes","y"
248,"English","f",39,"I have no comments,but I do think that the $1.00 offered for this experiment was a very fair price.","Yes","y"
249,"English","m",20,"a dollar is great for the time, had me worried about lots of the questions because depending on where the stress was in the sentence it changed my interpretation sometimes.","Yes","n"
250,"english","f",55,"these were hard but i tried my best, even for a native american spesker","Yes","y"
251,"English","m",44,"Definitely is a fair price for the work.","Yes","y"
252,"English","m",30,"","Yes","y"
253,"English","m",26,"","Yes","y"
254,"English","f",34,"fun survey. i believe one dollar is a fair price. ","Yes","y"
255,"English","f",39,"This is a fair price for the experiment.","Yes","y"
256,"English","f",54,"very interesting","Yes","y"
257,"English","m",32,".75","Yes","y"
258,"English","f",24,"","Yes","y"
259,"English","m",55,"This is more than fair.  Thank you!","Yes","y"
260,"English","m",37,"very fair!","Yes","y"
261,"English","f",23,"","Yes","y"
262,"English","m",24,"The price is good enough as it is.","Yes","y"
263,"English","f",51,"Very interesting study, really made me think twice about what I was reading and the context. I believe it was a very fair price for the work. ","Yes","y"
264,"English","m",39,"","Yes","y"
265,"English","m",18,"","Yes","y"
266,"english","m",38,"","No","y"
267,"English","m",26,"","Yes","y"
268,"English","f",34,"1.00","Yes","y"
269,"","f",34,"The payment is Fine.  A few of the items could be read both ways depending on the tone and context in which they are said.  It was an interesting hit and I hope you do well in your research","Yes","y"
270,"English","m",23,"$1.00 is fair for this assignment.  Thanks for letting me complete it!","Yes","y"
271,"English","f",33,"I think $1.00 is a fair price.","Yes","y"
272,"English","m",55,"","Yes","y"
273,"English","f",31,"Fun experiment, fair price.","Yes","y"
274,"English, Russian","m",35,"good experiment","Yes","n"
275,"English","f",33,"","Yes","y"
276,"English","f",52,"I enjoyed this study and I think the $1 reward is fair.  Thank you!","Yes","y"
277,"chinese","f",43,"","Yes","y"
278,"english","m",31,"Fun survey, I enjoyed it","Yes","y"
279,"English","m",39,"","Yes","y"
280,"English","m",32,"it is good.","Yes","y"
281,"english","m",27,"all good. thanks.","Yes","y"
282,"English","m",48,"I wasn&quotechart confused about anything, it was fine. $2.00 would be a fair price.","Yes","y"
283,"English","m",44,"Price was fine. Thanks and good luck with your research. ","Yes","y"
284,"english","m",49,"","Yes","y"
285,"English","f",35,"","Yes","y"
286,"English","m",35,"","Yes","y"
287,"english","f",29,"","Yes","y"
288,"ENGLISH","m",28,"","Yes","n"
289,"English","f",50,"Thank you for allowing me to participate in this HIT","Yes","y"
290,"english","f",37,"","Yes","y"
291,"English","m",37,"","Yes","y"
292,"english","f",51,"","Yes","y"
293,"English","f",42,"Very fair ","Yes","y"
294,"English","m",31,"","Yes","y"
295,"English","m",29,"","Yes","y"
296,"English","m",27,"","Yes","y"
297,"English","m",21,"I think the compensation of $1.00 offered is certainly fair. I would have done it for 80 cents.","Yes","y"
298,"english","m",44,"$1.00","Yes","y"
299,"English","m",25,"I think $1 is a fair price for this study.","No","y"
300,"English","m",41,"It was a good experiment. Thank you and hope it helps with the research.","No","y"
301,"English","f",38,"","Yes","y"
302,"Englisj","m",48,"nice","Yes","y"
303,"English","m",52,"Thanks for the opportunity to participate and good luck with your research!","Yes","y"
304,"English","m",35,"","Yes","y"
305,"english","f",43,"Yes I think 1 -1.50 dollar is fair price. It encurrages you to take you time and really think. ANything less...no","Yes","y"
306,"Arabic","f",32,"Thank you!","Yes","n"
307,"english","m",33,"","Yes","y"
308,"English","f",36,"I think the paymeny was fair for the amount of work.","Yes","y"
309,"English","f",42,"","Yes","y"
310,"English","m",41,"","Yes","y"
311,"English","m",37,"","Yes","y"
312,"english","m",39,"","Yes","y"
313,"english","f",72,"You are paying a very fair price.  And, this is quite possibly the hardest HIT I&quotecharve ever done, but a ""fun"" one as well!!  I found myself going back and forth in my mind about the choices I made.","Yes","y"
314,"0","m",29,"","Yes","y"
315,"english","m",57,"","Yes","y"
316,"ENGLISH","f",66,"","Yes","y"
317,"English","f",36,"The price was very fair. Thank you.","Yes","y"
318,"English","f",31,"Fair price, thank you.","Yes","y"
319,"English","m",36,"Interesting concept.  Yes, I think the compensation is fair.","Yes","y"
320,"English","f",32,"","Yes","y"
321,"English","m",30,"","Yes","y"
322,"english","f",33,"","Yes","y"
323,"English","f",29,"","Yes","y"
324,"English","f",61,"I enjoyed the task but I would have thought $2 was more fair.","Yes","y"
325,"English","f",43,"","Yes","y"
326,"english","m",28,"Interesting study. Didn&quotechart take long, $.50 would be good, but very happy to get $1.","Yes","y"
327,"English","f",66,"","Yes","n"
328,"English","f",35,"Thank you. ","Yes","y"
329,"english","m",40,"","Yes","y"
330,"English","f",29,"I think the reward is very fair. This was an interesting study. I caught myself reading a couple of the examples with different inflections but answered based on my initial read / impression. Thank you and have a nice day! :)","Yes","y"
331,"english","m",70,"price was fair for this survey","Yes","y"
332,"English","m",29,"I thought several of these were very ambiguous. They almost hinged on my assumption rather than the data.","Yes","y"
333,"english","f",45,"good","No","y"
334,"English","m",32,"Good thanks.","Yes","y"
335,"English","f",50,"I think the hit made you think closely about the context of conversational statements in English. Yes, I think the HIT compensation was fair.","Yes","y"
336,"Spanish","m",32,"","Yes",NA
337,"English","f",58,"1.00 was more than fair.  Thank you!","Yes","y"
338,"","f",38,"","Yes","y"
339,"English","m",31,"","Yes","y"
340,"English","m",30,"1.00 is a fair price.  This was a fun HIT, thank you.","Yes",NA
341,"english","m",43,"thanks ","Yes","y"
342,"english","f",29,"","Yes","y"
343,"english","f",33,"","Yes","y"
344,"english","f",53,"nice","Yes","n"
345,"english","f",63,"I think your price is fair and I have no comments","Yes","y"
346,"English","f",37,"","Yes","y"
347,"English","f",58,"","Yes","y"
348,"English","m",31,"The hit was easy to understand and the price was fair.","Yes","y"
349,"English","f",23,"","Yes","y"
350,"English","m",26,"","Yes","y"
351,"ENGLISH",NA,28,"nice one","Yes","y"
352,"English","f",38,"I think the $1 payment is very fair for the work that is involved in this task. The questions were more ambiguous and challenging than the example suggests, though. ","Yes","y"
353,"english","f",41,"It went well and I think $1 is a fair price.","Yes","y"
354,"English","f",40,"Interesting study, good pay","Yes","y"
355,"English ","m",31,"Thank you! ","Yes","y"
356,"English","m",59,"","Yes","y"
357,"English","m",28,"Experiment was easy to understand and complete, and compensation was extremely more than fair.","Yes","y"
358,"English","m",42,"","Yes","y"
359,"English","m",35,"","Yes","y"
360,"English","m",32,"It is a very good Experiment. Thanks.","Yes","y"
361,"english","m",NA,"nice","No","y"
362,"english","m",28,"God bless and have a nice day! Jesus loves you. You gonna have an awesome career full of blessings! 
","Yes","y"
363,"english","m",33,"This was a fair price","Yes","y"
364,"English","m",29,"","Yes","y"
365,"english","f",45,"none, pay is fair","Yes","y"
366,"English","m",39,"Fair price.  Interesting HIT","Yes","y"
367,"English","f",31,"Fair price, good quiz.","Yes","y"
368,"English","m",29,"","Yes","y"
369,"English","m",30,"","Yes","y"
370,"English","m",38,"It&quotechars a fair price.","Yes","y"
371,"English","m",31,"","Yes","y"
372,"english","m",68,"good survey. i think a full price.","Yes","y"
373,"English","f",31,"","Yes","y"
374,"englidh","m",32,"","No","y"
375,"english","m",49,"","Yes","y"
376,"Englis","f",38,"","Yes","y"
377,"English","m",50,"Interesting! Have a nice day!","Yes","y"
378,"english","m",71,"I think I did it right and yes, a more than fair price.","Yes","y"
379,"English","m",48,"I think the price was fair. I enjoyed the task. I believe that I answered thoughtfully. I did not encounter any errors.","Yes","y"
380,"English","f",50,"Thank you","Yes","y"
381,"British English","m",40,"","Yes","n"
382,"English","m",37,"","Yes","n"
383,"english","m",30,"","Confused","y"
384,"english","f",33,"","Yes","y"
385,"","f",34,"","Yes","n"
386,"english","f",57,"I think the dollar is a pretty fair price. A $1.50 would be better.","Yes","y"
387,"English","m",43,"This is a very fair price","Yes","y"
388,"English","f",41,"I think the price is good. This was very different from other hits that I have taken. Interesting!","Yes","y"
389,"English","f",25,"","Yes","y"
390,"English","f",28,"","Yes","y"
391,"English","f",70,"","Yes","y"
392,"english","m",26,"","Yes","y"
393,"English","m",53,"Thank you and the compensation is fair.","Yes","y"
394,"english","m",33,"","Yes","y"
395,"English","f",29,"Fun study","Yes","y"
396,"0","m",29,"yes this is fair price for the work","Confused","y"
397,"English","m",43,"The reward offered in this study is fair.","Yes","y"
398,"English","f",30,"I liked it, was explained well and didn&quotechart take too long to do. The pay is fair as well","Yes","y"
399,"English","m",73,"Interesting survey to complete. Thank you.","Yes","y"
400,"English","f",52,"","Yes","y"
401,"ENGLISH","m",59,"","Yes","y"
402,"english","f",24,"","Yes","y"
403,"english","m",31,"","No","y"
404,"English","f",57,"Yes, it is a fair price.  The wording of the questions made you think.","Yes","y"
405,"English","m",60,"Some of the sentences can be be perceived either way. ","Yes","y"
406,"English","m",29,"I think the price is fair for the amount of work and time invested.","Yes","y"
407,"English","f",64,"","Yes","y"
408,"English","m",43,"This was an okay experiment, although I was a little unsure if I would be kicked out in case I missed an attention question.  The price is fair.","Yes","y"
409,"English","m",38,"","Yes","y"
410,"English","m",35,"Good programme","Yes","y"
411,"English","f",21,"Good hit","Yes","y"
412,"English","m",43,"","Yes","y"
413,"English","f",38,"","Yes","y"
414,"English","m",37,"","Yes","n"
415,"english","m",40,"","Yes","y"
416,"english","m",38,"","Yes","y"
417,"English","m",38,"","Yes","y"
418,"English","f",31,"Price is fair.","Yes","y"
419,"English","m",48,"Had fun doing this, great hit, no problems","Yes","y"
420,"English","f",32,"I think that it is a very fair price.","Yes","y"
421,"British English","m",40,"","Yes","n"
422,"English","f",33,"Great survey glad to participate. Fair pay!","Yes","y"
423,"English","f",30,"This study about language related question were asked.","Yes","y"
424,"English","m",47,"","Yes","y"
425,"English","f",29,"Its very good.","Yes","y"
426,"english","m",29,"none","Yes","y"
427,"English","m",36,"I have no comments in particular. Thank you.","Yes","y"
428,"english","m",22,"none","Yes","y"
429,"english","m",39,"","Yes","y"
430,"ENGLISH","m",32,"NO COMMENT","Yes","y"
431,"english","m",31,"Interesting survey","Yes","y"
432,"English","m",43,"I was a bit uncertain why the answers all seemed to be ""no"" and I think the pay was fair.","Yes","y"
433,"English","f",49,"","Yes","y"
434,"English","f",43,"It was difficult to determine which ones were truly the yes answer.  I think it is a fair price.","No","y"
435,"English","m",37,"very fair, thanks!","Yes","y"
436,"English","f",55,"The $1 is a fair price for this work.","Yes","y"
437,"English","f",26,"","Yes","y"
438,"English",NA,39,"","Yes","y"
439,"English","m",48,"I hope I answered correctly. Interesting task. Thank you. Fair price is anywhere from .50 to 1.50 based on other hits that took the same amount of time.","Yes","y"
440,"english","f",32,"I think the current price is fair.","Yes","y"
441,"english","m",267,"nice ","Yes","y"
442,"english","f",57,"1.00 is good
I thought I had a strategy then about half way through I was a little confused maybe on it.","Yes","y"
443,"English","f",33,"","Yes","y"
444,"English","m",41,"","Yes","y"
445,"english","f",28,"I think the reward was very fair, would have even done it for a little less. thank you for being generous.","Yes","y"
446,"english","f",51,"no comments, fair pay","Yes","y"
447,"English","f",61,"","Yes","y"
448,"English","f",43,"","Yes","y"
449,"English","f",45,"Thank you! Very fair compensation for this HIT!","Yes","y"
450,"English","m",30,"I think this price is just right.","Yes","y"
451,"English","m",35,"I think $1 is fair.","No","y"
452,"English","f",35,"","Yes","y"
453,"0","m",29,"","Yes","y"
454,"english","m",46,"I thought that everything including the compensation was great!","Yes","y"
455,"English","m",59,"all was good, thanks","Yes","y"
456,"English","m",37,"","Yes","y"
457,"English","m",26,"","Yes","y"
458,"English","m",45,"I feel the payment was fair, and the task interesting.","Yes","y"
459,"english","m",39,"","Yes","y"
460,"english",NA,NA,"","Yes","y"
461,"english","f",33,"","Yes","y"
462,"English","m",30,"Easy HIT, fair pay. Thank you","Yes","y"
463,"English","m",49,"Well some of them were ambiguous, could be either way depending on more context. Obviously I&quotechard like to get paid more. :)","Yes","y"
464,"english","f",50,"","Yes","y"
465,"English","m",26,"Fair price for this survey and smooth instructions","Yes","y"
466,"English","m",27,"I think this was a fair price.","Yes","y"
467,"English","f",28,"","Yes","n"
468,"American English","f",38,"The price was fair, thank you.  ","Yes","y"
469,"English","m",35,"good","Yes","y"
470,"english","m",44,"","Yes","y"
471,"English","m",35,"I think the price paid for this HIT was more than fair, thank you very much!","Yes","y"
472,"English","m",59,"I was not quite sure how to answer the questions.  A lot of them could go either way.  It would be difficult to give an accurate answer without knowing more of a situation","Confused","y"
473,"ENGLISH","m",46,"IT WAS A FAIR PRICE FOR THE WORK.","Yes","y"
474,"english","f",38,"These are tough to know who is certain when theyre asking the questions.","Confused","y"
475,"English","m",48,"I would like to change my answer on the question asking ""if so-so was pregnant"" to no, she did not know----pay was fine for time allotted","Yes","y"
476,"English","f",41,"","Yes","y"
477,"British English","m",40,"","Yes","n"
478,"english","m",38,"","No","y"
479,"English",NA,55,"None","Yes","y"
480,"English","m",27,"I think that the wording sometimes got confusing or would not usually be used in real life. I think the 1.00 is a fair price.","Yes","y"
481,"english","m",32,"","No","y"
482,"English","f",45,"50 cents or more would be fair.","Yes","y"
483,"English","f",39,"No comments. This is a fair price.","Yes","y"
484,"English ","f",34,"","Yes","y"
485,"English","m",38,"Reward is fair for the amount of work. Thank you","Yes","y"
486,"English","f",38,"","Yes","y"
487,"English","f",38,"I think a little more time should be given. The compensation is fair. This was a fun task. I did my best. Thank you. Have a nice day. ","Yes","y"
488,"english","m",36,"","Yes","y"
489,"English","m",47,"","Yes","y"
490,"english","m",29,"","Yes","n"
491,"English",NA,42,"Pretty fair, $1 for six minutes is about $10 an hour, but most surveys don&quotechart pay that well, and most pay well less than half of that. Bonuses are always appreciated or more hits like this. Thanks and good luck with your research.","Yes","n"
492,"English","f",66,"interesting","Yes",NA
493,"ENGLISH","m",28,"NO THANKS","Yes","y"
494,"African","f",55,"","Yes","n"
495,"English","m",37,"","Yes","y"
496,"English","m",26,"","Yes","y"
497,"English","f",23,"I think $1.00 is a fair price for this HIT. ","Yes","y"
498,"English","f",52,"","Yes","y"
499,"English","f",25,"I believe I am being paid a fair price.","Yes","y"
500,"English","m",36,"The $1.00 reward is a fair price for the hit. Thanks for your time. Have a great day.","Yes","y"
501,"english","m",51,"","Yes","y"
502,"","m",37,"",NA,NA
503,"English","m",36,"Seems fair to me.","Yes","y"
504,"English","m",21,"Absolutely fair price, great HIT. Thank you.","Yes","y"
505,"english","m",31,"Very fun survey","Yes","y"
506,"english","m",25,"i think 1.00 is fine.","Yes","y"
507,"english","f",28,"","Yes","y"
508,"english","f",48,"","Yes","y"
509,"English","f",36,"","Yes","y"
510,"English","m",29,"","Yes","y"
511,"English","f",70,"$1.20","Yes","y"
512,"English","f",27,"GOOD","Confused","y"
513,"English","f",25,"Sometimes the wording could have been better. It did not sound like proper conversational English. Fair price - $1.00","Yes","y"
514,"english","m",27,"no issues, interesting hit","Yes","y"
515,"English","f",31,"Fair price for the work I did.","Yes","y"
516,"English","f",35,"","Yes","y"
517,"English","m",30,"Some of the items it seemed clear that the speaker had knowledge of the act in question (e.g. knowing whether or not someone learned to ride a bike).  However, it is unclear whether or not that person did the act.  The speaker may know the actor did not learn to ride a bike vs knowing that they did learn.  There doesn&quotechart seem to be a good way to answer this type of question as they are clear on the matter but I wanted to mark &quotecharNo&quotechar because the context implies the person did not do the thing, however I marked &quotecharYes&quotechar because it seemed like the speaker was certain of the outcome of the question.  Thanks!","Confused","y"
518,"English","m",26,"","Yes","y"
519,"English","f",28,"","Yes","y"
520,"English","o",37,"","Yes","y"
521,"English","m",34,"","Yes","y"
522,"English","f",33,"","Yes","y"
523,"English","f",42,"I thought that it was interesting. It was a fair price.","Yes","y"
524,"English ","f",36,"Some of the questions were worded a bit tricky. Very interesting study. ","Yes","y"
525,"English","f",55,"Sometimes it is a little hard to tell the certainty.","Yes","y"
526,"English ","m",37,"It was pretty interesting to say the least I think a dollar is a good price. Of course we all want more LOL","Yes","n"
527,"English","f",65,"fair","Yes","y"
528,"English","m",50,"Fun and fair, thanks","Yes","y"
529,"English","m",46,"A fair price for six minutes of a worker&quotechars time is $1.00.","Yes","y"
530,"English","f",34,"I think the price paid to have the HIT completed was more than fair!","Yes","y"
531,"English","m",61,"Very fair price. I hope my answers help your study!
","Yes","y"
532,"English","f",27,"I thought the payment for this task was adequate, it took less than 10 minutes and was pretty painless to accomplish, so no complaints here.","Yes","y"
533,"English","m",29,"","Yes","y"
534,"English","f",30,"Interesting experiment. I believe I performed well, and should be paid the full HIT amount of $1.00","Yes","n"
535,"English","m",28,"Fairly interesting. Fair pay. Good luck with your research.","Yes","y"
536,"English","m",50,"some of the sentences could&quotecharve gone either way. The pay was more than fair","Yes","y"
537,"English ","m",27,"","Yes","y"
538,"English","m",27,"This was a straightforward experiment, however, some of the words really get you thinking of whether the situation is known or just thought. Compensated fairly.","Yes","y"
539,"ENGLISH","m",44,"","Yes","y"
540,"english","f",33,"","Yes","y"
541,"English","f",50,"I enjoyed this, thanks. ","Yes","y"
542,"english","f",43,"thanks.","Yes","y"
543,"English","m",45,"Fair price and smooth/efficient layout.","Yes","y"
544,"english","f",42,"There were a couple that I was not sure on but did my best.","Yes","y"
545,"English","m",42,"","Yes","y"
546,"English","m",63,"","Yes","y"
547,"English","f",33,"","Yes","y"
548,"english","m",72,"An interesting experiment. The price was more than fair","Yes","y"
549,"English","m",50,"A lot of these questions could be differently interpreted in terms of alternate narratives and the degree to which prior knowledge is implied by the subject of the query.  In some cases, the subject may not seem directly familiar or presumptive as phrased in the question, even though the language is substantially similar to another question that would be answered in the affirmative as known by the questioner.  For this and other insights, implied and otherwise, I can accept $1.00, though the opportunity to make more would be appreciated.","Yes","y"
550,"English","m",60,"fair enough","Yes","y"
551,"English","m",43,"price is very good. Thanks so much and good luck with your research! :)","Yes","y"
552,"english","m",61,"nice","Yes","y"
553,"english","f",56,"","Yes","y"
554,"English ","m",26,"","Yes","y"
555,"English","f",45,"None, I think it was a fair price. ","Yes","y"
556,"English","m",52,"","Yes","y"
557,"English","m",26,"","Yes","y"
558,"english","f",44,"1.00","Yes","y"
559,"0","m",29,"","Yes","y"
560,"english","m",32,"interesting work","Confused","y"
561,"English","m",49,"I think the instructions needed more examples. $1 is fair pay.","Yes","y"
562,"English","f",49,"Thank you for the opportunity, this was my first time doing a HIT like this. I hope I did well. The  pay is good. Best of luck to you!!","Yes","y"
563,"English","m",31,"I think it was very fair. I believe that the experiment made me think about language a little bit too.","Yes","y"
564,"English","f",53,"","Yes","y"
565,"English","f",31,"","Yes","y"
566,"English","m",37,"","Yes","n"
567,"English","f",31,"","No","y"
568,"English","f",48,"I think the amount is a fair price","Yes","y"
569,"Vietnamese","m",25,"I have no comment","Yes","n"
570,"English","m",66,"no","Yes","y"
571,"english","f",51,"I would love to do more of these. The pay was very fair.","Yes","y"
572,"english","f",40,"","Yes","y"
573,"english","f",47,"","Yes","y"
574,"English","f",50,"Interesting study.  Thank you.","Yes","y"
575,"English","f",37,"","Yes","y"
576,"english","f",36,"I think that $1 is fair for this HIT","Yes","y"
577,"english","f",35,"","Yes","y"
578,"English","f",41,"","Yes","y"
579,"English","m",28,"1.50 for about 5-8 minutes is fair price. ","Yes","y"
580,"English","f",34,"Everything worked and seemed good/fair to me.  Thanks!","Yes","y"
581,"English","m",30,"This paid fairly, and I appreciate you letting us know exactly how many questions there would be.  There&quotechars nothing more annoying than going into a survey and having no idea when it will end, so thank you.","Yes","y"
582,"English","m",48,"Yes a fair price (though more is always appreciated) and the HIT was farily interesting.","Yes","y"
583,"English","m",33,"Very interesting experiment. I found that some of the questions could go either way depending on how I thought about it. Thanks, and all the best with your research!","Yes","y"
584,"English ","m",35,"I think the speaker is certain based on whether the verb implies it is an actual state - for example, confess implies that one would have had to perform the thing being confessed to.","Yes","y"
585,"English","f",24,"I liked this hit very much. It was different than what I usually get to do. I think the price is reasonable as well.","Yes","y"
586,"English","m",28,"I thought it was fair and appropriate.","Yes","y"
587,"English","f",66,"Everything was clear and worked fine. What your are paying is more than fair. Thank you.","Yes","y"
588,"English, French","f",51,"The survey was interestingly tricky, given the way we sometimes speak as apposed to the way we should. The price is fair.","Yes","n"
589,"german","f",47,"The compensation you offer seems about right in this context. Thank you!
","Yes",NA
590,"English","f",31,"I think it was an interesting experiment. I may have been thinking too far into some of them. $1.00 is fair.","Yes","y"
591,"English","f",32,"yes it is fair enough. thank you!","Yes","y"
592,"English","m",29,"","Yes","y"
593,"English","f",55,"I thought it was fair and fun task to do.  Thank you. ","Yes","y"
594,"english","f",41,"","Yes","y"
595,"English","m",26,"The pay is adequate for this amount of work. ","Yes","y"
596,"Korean","f",38,"","Yes","n"
597,"english","m",48,"$1","Yes","y"
598,"English","m",41,"","Yes","y"
599,"English","f",54,"","Yes","y"
